Date,Time,Open,High,Low,Close,Volume,OpenInt
2014-03-14,15:00:00,64.0299987792969,64.9300003051758,63.9000015258789,63.9099998474121,403785,0
2014-03-14,16:00:00,63.9175987243652,64.870002746582,63.7099990844727,63.8300018310547,346422,0
2014-03-14,17:00:00,63.8300018310547,64.8600006103516,63.3499984741211,64.7200012207031,511768,0
2014-03-14,18:00:00,64.7300033569336,64.75,64.0100021362305,64.4700012207031,159000,0
2014-03-14,19:00:00,64.4800033569336,64.5423965454102,63.810001373291,63.9799995422363,141813,0
2014-03-14,20:00:00,63.9900016784668,64.0497970581055,63.4000015258789,63.4199981689453,176603,0
2014-03-14,21:00:00,63.4201011657715,63.8800010681152,63.3390007019043,63.4000015258789,378901,0
2014-03-17,15:00:00,64.5800018310547,65.7300033569336,64.5100021362305,65.5198974609375,588425,0
2014-03-17,16:00:00,65.4899978637695,66.0400009155273,64.9599990844727,65.3300018310547,496181,0
2014-03-17,17:00:00,65.2679977416992,65.5999984741211,64.8519973754883,65.4481964111328,333052,0
2014-03-17,18:00:00,65.4899978637695,65.9000015258789,65.3399963378906,65.6999969482422,272538,0
2014-03-17,19:00:00,65.7015991210938,65.8399963378906,65.4499969482422,65.6399993896484,144065,0
2014-03-17,20:00:00,65.6399993896484,65.879997253418,65.4499969482422,65.6100006103516,139215,0
2014-03-17,21:00:00,65.5800018310547,65.6600036621094,64.9800033569336,65.0899963378906,341403,0
2014-03-18,15:00:00,65.3000030517578,66.3899993896484,65.25,66.3099975585938,436936,0
2014-03-18,16:00:00,66.370002746582,66.9800033569336,66.1143035888672,66.6699981689453,507409,0
2014-03-18,17:00:00,66.6699981689453,67.120002746582,66.6309967041016,67.0800018310547,304178,0
2014-03-18,18:00:00,67.0899963378906,67.2600021362305,66.8637008666992,67.004997253418,205492,0
2014-03-18,19:00:00,67.0400009155273,67.5500030517578,66.870002746582,67.4199981689453,220950,0
2014-03-18,20:00:00,67.4400024414062,67.6100006103516,67.3000030517578,67.4879989624023,175296,0
2014-03-18,21:00:00,67.4899978637695,67.5999984741211,67.2900009155273,67.4300003051758,470192,0
2014-03-19,15:00:00,67.5199966430664,67.6600036621094,66.9224014282227,67.6298980712891,381853,0
2014-03-19,16:00:00,67.620002746582,67.6800003051758,66.7600021362305,67.1500015258789,288621,0
2014-03-19,17:00:00,67.120002746582,67.4300003051758,67.0199966430664,67.2600021362305,186611,0
2014-03-19,18:00:00,67.25,67.5199966430664,67.1600036621094,67.4599990844727,169848,0
2014-03-19,19:00:00,67.4599990844727,67.5800018310547,67.3899993896484,67.5699996948242,170452,0
2014-03-19,20:00:00,67.5019989013672,67.5019989013672,66.5,66.8307037353516,601117,0
2014-03-19,21:00:00,66.8199996948242,66.8600006103516,65,66.3199996948242,804995,0
2014-03-20,15:00:00,65.6999969482422,66.2594985961914,65.2799987792969,65.8410034179688,285969,0
2014-03-20,16:00:00,65.9100036621094,67.0100021362305,65.5899963378906,66.5699996948242,369286,0
2014-03-20,17:00:00,66.629997253418,66.7399978637695,66.1699981689453,66.7200012207031,250774,0
2014-03-20,18:00:00,66.6800003051758,67.2799987792969,66.5699996948242,67.2799987792969,238290,0
2014-03-20,19:00:00,67.2900009155273,67.4499969482422,66.9802017211914,67.129997253418,207955,0
2014-03-20,20:00:00,67.129997253418,67.3000030517578,66.9609985351562,66.9800033569336,113919,0
2014-03-20,21:00:00,66.9200973510742,66.9400024414062,66.4700012207031,66.8399963378906,306667,0
2014-03-21,15:00:00,67.9400024414062,68.0998992919922,66.4300003051758,66.4300003051758,453555,0
2014-03-21,16:00:00,66.4599990844727,66.6399993896484,65.3199996948242,66.1699981689453,987446,0
2014-03-21,17:00:00,66.25,66.5299987792969,65.8499984741211,66.25,459968,0
2014-03-21,18:00:00,66.25,66.5199966430664,65.9599990844727,65.9899978637695,307639,0
2014-03-21,19:00:00,65.9700012207031,65.9924011230469,65.1500015258789,65.2300033569336,512478,0
2014-03-21,20:00:00,65.2399978637695,65.4000015258789,64.2300033569336,64.6845016479492,650141,0
2014-03-21,21:00:00,64.629997253418,64.6900024414062,64.0899963378906,64.3899993896484,643686,0
2014-03-24,15:00:00,65.1800003051758,65.3089981079102,63.3759994506836,63.8600006103516,707826,0
2014-03-24,16:00:00,63.8800010681152,63.8800010681152,61.6500015258789,61.8699989318848,1178324,0
2014-03-24,17:00:00,61.8600006103516,62.1300010681152,61.0099983215332,61.689998626709,1116421,0
2014-03-24,18:00:00,61.689998626709,62.0640983581543,61.2599983215332,61.4300003051758,711302,0
2014-03-24,19:00:00,61.4300994873047,62.4599990844727,61.4199981689453,62.4199981689453,490590,0
2014-03-24,20:00:00,62.4099998474121,63.2190017700195,62.2900009155273,62.8600006103516,626750,0
2014-03-24,21:00:00,62.8699989318848,63.3899993896484,62.3179016113281,62.7700004577637,709159,0
2014-03-25,15:00:00,63.7799987792969,64.4899978637695,63.7398986816406,64.2710037231445,519076,0
2014-03-25,16:00:00,64.4000015258789,64.9300003051758,62.5699996948242,62.7799987792969,860672,0
2014-03-25,17:00:00,62.7400016784668,63.4199981689453,61.8600006103516,62.2299995422363,575627,0
2014-03-25,18:00:00,62.2099990844727,63.1100006103516,61.810001373291,62.9599990844727,466514,0
2014-03-25,19:00:00,62.9700012207031,63.6800003051758,62.75,63.3199996948242,369179,0
2014-03-25,20:00:00,63.3699989318848,63.6861991882324,63,63.2200012207031,336097,0
2014-03-25,21:00:00,63.1399993896484,63.6399993896484,63.0699996948242,63.3600006103516,371258,0
2014-03-26,15:00:00,64.3300018310547,64.7099990844727,63.7000007629395,64.2300033569336,509585,0
2014-03-26,16:00:00,64.1399993896484,64.4599990844727,63.2000007629395,63.2099990844727,544331,0
2014-03-26,17:00:00,63.2000007629395,63.9099998474121,62.9700012207031,63.2799987792969,442358,0
2014-03-26,18:00:00,63.3199996948242,63.4099998474121,62.7900009155273,63.2900009155273,331518,0
2014-03-26,19:00:00,63.2700004577637,63.3300018310547,61.7099990844727,62.2000007629395,669259,0
2014-03-26,20:00:00,62.2000007629395,62.560001373291,61.4398994445801,62.4599990844727,628120,0
2014-03-26,21:00:00,62.4700012207031,62.5400009155273,60.8899993896484,60.939998626709,835319,0
2014-03-27,15:00:00,60.7000007629395,60.7999992370605,58.8800010681152,60.1500015258789,888177,0
2014-03-27,16:00:00,60,61.4799995422363,59.9070014953613,60.7400016784668,735118,0
2014-03-27,17:00:00,60.7690010070801,60.8899993896484,59.2099990844727,59.75,742378,0
2014-03-27,18:00:00,59.7999992370605,60.310001373291,59.1500015258789,60.0800018310547,462761,0
2014-03-27,19:00:00,60.0499992370605,60.6300010681152,59.780101776123,59.9500007629395,364157,0
2014-03-27,20:00:00,59.9599990844727,60.3600006103516,59.5099983215332,59.7900009155273,390936,0
2014-03-27,21:00:00,59.7599983215332,60.25,59.4001007080078,59.8600006103516,524219,0
2014-03-28,15:00:00,60.4500007629395,61.8199996948242,60.2299995422363,61.560001373291,585930,0
2014-03-28,16:00:00,61.5999984741211,62.2000007629395,61.5303993225098,62.0499992370605,617288,0
2014-03-28,17:00:00,62.0499992370605,62.060001373291,61.4000015258789,61.7000007629395,471597,0
2014-03-28,18:00:00,61.7000007629395,61.8600006103516,61.2700004577637,61.3899993896484,246809,0
2014-03-28,19:00:00,61.4300003051758,61.4300003051758,60.7799987792969,60.8698997497559,379753,0
2014-03-28,20:00:00,60.8499984741211,60.8499984741211,59.75,60.1500015258789,642856,0
2014-03-28,21:00:00,60.1599998474121,60.3899993896484,59.8709983825684,60.25,480350,0
2014-03-31,16:00:00,61.6199989318848,62.3600006103516,61.4199981689453,62.3400001525879,669464,0
2014-03-31,17:00:00,62.3199996948242,62.7099990844727,62.0200004577637,62.2099990844727,539603,0
2014-03-31,18:00:00,62.2000007629395,62.2190017700195,61.6300010681152,62.0900001525879,405739,0
2014-03-31,19:00:00,62.1399993896484,62.4220008850098,62.0900001525879,62.2200012207031,287610,0
2014-03-31,20:00:00,62.2599983215332,62.2799987792969,61.5099983215332,61.560001373291,211540,0
2014-03-31,21:00:00,61.560001373291,62.0999984741211,61.5200004577637,61.9500007629395,320979,0
2014-03-31,22:00:00,61.9000015258789,62.060001373291,61.4300003051758,61.4500007629395,682651,0
2014-04-01,16:00:00,62.439998626709,63.8600006103516,62.4000015258789,63.75,777251,0
2014-04-01,17:00:00,63.7400016784668,64.379997253418,63.7299995422363,64.1080017089844,790665,0
2014-04-01,18:00:00,64.0400009155273,64.1601028442383,63.7599983215332,63.8199005126953,344079,0
2014-04-01,19:00:00,63.7999992370605,63.9799995422363,63.5900001525879,63.7799987792969,261931,0
2014-04-01,20:00:00,63.7700004577637,64.0400009155273,63.5,64,360267,0
2014-04-01,21:00:00,64.0199966430664,64.3099975585938,63.9690017700195,64.2689971923828,324599,0
2014-04-01,22:00:00,64.2600021362305,64.8600006103516,64.129997253418,64.7799987792969,713948,0
2014-04-02,16:00:00,65.6100006103516,65.7698974609375,64.8000030517578,64.8000030517578,737346,0
2014-04-02,17:00:00,64.8399963378906,65.2900009155273,64.5400009155273,65.2399978637695,587442,0
2014-04-02,18:00:00,65.2600021362305,65.4400024414062,64.8399963378906,65.129997253418,386542,0
2014-04-02,19:00:00,65.129997253418,65.1716995239258,64.8099975585938,65.1230010986328,240834,0
2014-04-02,20:00:00,65.1399993896484,65.1500015258789,64.379997253418,64.620002746582,399184,0
2014-04-02,21:00:00,64.6399993896484,64.8499984741211,64.4399032592773,64.8499984741211,296250,0
2014-04-02,22:00:00,64.8499984741211,65.4400024414062,64.7300033569336,65.2900009155273,452684,0
2014-04-03,16:00:00,65.4899978637695,65.7200012207031,64.9100036621094,65.6900024414062,229612,0
2014-04-03,17:00:00,65.629997253418,65.7600021362305,64.5,64.9700012207031,601227,0
2014-04-03,18:00:00,64.9899978637695,65.0299987792969,64.1900024414062,64.3000030517578,573975,0
2014-04-03,19:00:00,64.25,64.3499984741211,63.2599983215332,63.4500007629395,588044,0
2014-04-03,20:00:00,63.4099998474121,63.9346008300781,63.4000015258789,63.6699981689453,256696,0
2014-04-03,21:00:00,63.6400985717773,63.689998626709,62.5999984741211,63.1399993896484,529428,0
2014-04-03,22:00:00,63.1660003662109,63.8800010681152,63.0999984741211,63.75,517296,0
2014-04-04,16:00:00,64.879997253418,65.1600036621094,62.2000007629395,62.8949012756348,889687,0
2014-04-04,17:00:00,62.8699989318848,63.9300003051758,61.810001373291,61.8899993896484,1192467,0
2014-04-04,18:00:00,61.869800567627,61.8800010681152,59.8700981140137,60.3115997314453,1515857,0
2014-04-04,19:00:00,60.2799987792969,60.2999992370605,58.9000015258789,59.1367988586426,1083778,0
2014-04-04,20:00:00,59.1399993896484,59.7299995422363,58.8300018310547,59.2099990844727,806107,0
2014-04-04,21:00:00,59.1399993896484,59.4300003051758,58.1199989318848,58.7999000549316,859166,0
2014-04-04,22:00:00,58.7700004577637,59.3800010681152,58.3199996948242,58.689998626709,1200941,0
2014-04-07,16:00:00,57.5200004577637,58.5099983215332,56.9199981689453,58.5099983215332,1230291,0
2014-04-07,17:00:00,58.5200004577637,59.0900001525879,57.4799995422363,57.8160018920898,1093154,0
2014-04-07,18:00:00,57.810001373291,58.3101997375488,57.0499992370605,57.0800018310547,442764,0
2014-04-07,19:00:00,57.0699996948242,57.4202003479004,56.5,57.0690002441406,953755,0
2014-04-07,20:00:00,57.0499992370605,57.1300010681152,56.1800003051758,56.2900009155273,549274,0
2014-04-07,21:00:00,56.2700004577637,57.2900009155273,55.7299995422363,57.0200004577637,1058798,0
2014-04-07,22:00:00,57.0200004577637,58.0200004577637,56.8699989318848,56.9300003051758,1034737,0
2014-04-08,16:00:00,57.1599998474121,57.9799995422363,56.6599998474121,57.2099990844727,852698,0
2014-04-08,17:00:00,57.1500015258789,58.310001373291,56.5299987792969,58.0699996948242,934941,0
2014-04-08,18:00:00,58.0900001525879,58.7200012207031,57.8741989135742,58.2400016784668,899739,0
2014-04-08,19:00:00,58.2599983215332,58.6889991760254,58.0800018310547,58.2900009155273,502924,0
2014-04-08,20:00:00,58.2999992370605,58.6399993896484,58.1599998474121,58.5404014587402,447994,0
2014-04-08,21:00:00,58.5499992370605,58.5999984741211,57.8400001525879,58.25,502168,0
2014-04-08,22:00:00,58.25,58.7099990844727,58.0900001525879,58.5200004577637,781907,0
2014-04-09,16:00:00,59.1399993896484,59.439998626709,58.689998626709,59.2400016784668,846934,0
2014-04-09,17:00:00,59.1599998474121,59.75,58.7099990844727,59.4500007629395,848083,0
2014-04-09,18:00:00,59.439998626709,59.8300018310547,59.1599998474121,59.6800003051758,456535,0
2014-04-09,19:00:00,59.6699981689453,60.1199989318848,59.5610008239746,59.8899993896484,374559,0
2014-04-09,20:00:00,59.9000015258789,60.0699996948242,59.640998840332,59.6699981689453,264338,0
2014-04-09,21:00:00,59.7000007629395,61.2000007629395,59.7000007629395,60.8037986755371,1263409,0
2014-04-09,22:00:00,60.7599983215332,61.6015014648438,60.7039985656738,61.5200004577637,1001955,0
2014-04-10,16:00:00,61.6399993896484,61.6500015258789,59.9500007629395,60.2389984130859,656825,0
2014-04-10,17:00:00,60.2400016784668,60.4099998474121,59.0999984741211,59.1100006103516,1060100,0
2014-04-10,18:00:00,59.060001373291,59.0699996948242,58.0499992370605,58.2099990844727,1187945,0
2014-04-10,19:00:00,58.1800003051758,58.310001373291,57,57.0099983215332,1035926,0
2014-04-10,20:00:00,57.0099983215332,57.3499984741211,56.3800010681152,57.060001373291,913675,0
2014-04-10,21:00:00,57.0200004577637,57.2900009155273,56,56.2599983215332,751371,0
2014-04-10,22:00:00,56.2299995422363,56.4160003662109,55.3199996948242,55.8400001525879,1178347,0
2014-04-11,16:00:00,54.3899993896484,56,53.9000015258789,55.5810012817383,1315740,0
2014-04-11,17:00:00,55.5499992370605,56.4300003051758,54.1041984558105,56.1099014282227,946147,0
2014-04-11,18:00:00,56.0900001525879,56.4300003051758,55.220100402832,55.4600982666016,575429,0
2014-04-11,19:00:00,55.4799995422363,55.8199996948242,55.060001373291,55.4300003051758,327065,0
2014-04-11,20:00:00,55.4900016784668,55.5,54.5,54.5999984741211,245320,0
2014-04-11,21:00:00,54.6500015258789,54.8289985656738,53.5,53.9000015258789,639967,0
2014-04-11,22:00:00,53.9299011230469,54.3899993896484,53.5400009155273,53.8899993896484,573778,0
2014-04-14,16:00:00,55.2200012207031,55.3400001525879,54.2200012207031,54.2799987792969,681312,0
2014-04-14,17:00:00,54.3199996948242,55.859001159668,54.1399993896484,55.7900009155273,993216,0
2014-04-14,18:00:00,55.8199996948242,55.9500007629395,55.4300994873047,55.4599990844727,614200,0
2014-04-14,19:00:00,55.4599990844727,55.8699989318848,55.2200012207031,55.6199989318848,478918,0
2014-04-14,20:00:00,55.6399993896484,55.6399993896484,54.7000007629395,54.7200012207031,555059,0
2014-04-14,21:00:00,54.7000007629395,54.9599990844727,54.2799987792969,54.3501014709473,668167,0
2014-04-14,22:00:00,54.364200592041,55.189998626709,53.5900001525879,55.0999984741211,1514986,0
2014-04-15,16:00:00,55.6500015258789,56.5699996948242,55.3301010131836,56.002498626709,764353,0
2014-04-15,17:00:00,56.0099983215332,56.310001373291,53.6599998474121,53.8600006103516,1574482,0
2014-04-15,18:00:00,53.810001373291,54.310001373291,52.9700012207031,53.1500015258789,2116737,0
2014-04-15,19:00:00,53.1624984741211,53.2999992370605,52.2532005310059,52.3098983764648,1616022,0
2014-04-15,20:00:00,52.279899597168,54.1599998474121,52.1800003051758,54,1368249,0
2014-04-15,21:00:00,54.1049995422363,55.6599998474121,53.9500007629395,55.2200012207031,2068578,0
2014-04-15,22:00:00,55.2299995422363,56,54.810001373291,55.6500015258789,1792601,0
2014-04-16,16:00:00,57.0800018310547,57.2999992370605,55.9799995422363,56.4900016784668,887886,0
2014-04-16,17:00:00,56.421501159668,57.0099983215332,55.7700004577637,55.9500007629395,926427,0
2014-04-16,18:00:00,55.9565010070801,56.9500007629395,55.7200012207031,56.9500007629395,437551,0
2014-04-16,19:00:00,56.9500007629395,57.560001373291,56.7299995422363,56.75,749693,0
2014-04-16,20:00:00,56.75,57.0900001525879,56.439998626709,56.8899993896484,748738,0
2014-04-16,21:00:00,56.8800010681152,57.3699989318848,56.4700012207031,57.2700004577637,519164,0
2014-04-16,22:00:00,57.2799987792969,57.8400001525879,57.0400009155273,57.810001373291,827020,0
2014-04-17,16:00:00,57.2400016784668,57.9900016784668,56.75,57.4000015258789,594350,0
2014-04-17,17:00:00,57.4300003051758,58.2848014831543,57.1699981689453,57.8950004577637,780327,0
2014-04-17,18:00:00,57.9099998474121,58.1100006103516,57.2921981811523,57.6500015258789,348621,0
2014-04-17,19:00:00,57.5999984741211,58.0900001525879,57.4900016784668,58.0400009155273,175211,0
2014-04-17,20:00:00,58.0200004577637,58.7299995422363,57.9900016784668,58.560001373291,432388,0
2014-04-17,21:00:00,58.5099983215332,58.6100006103516,58.2200012207031,58.3400001525879,400182,0
2014-04-17,22:00:00,58.3400001525879,58.5800018310547,57.8400001525879,57.8400001525879,723195,0
2014-04-21,16:00:00,58.2999992370605,58.689998626709,57.9300003051758,58.3400001525879,349091,0
2014-04-21,17:00:00,58.3300018310547,58.9199981689453,57.4729995727539,58.0299987792969,845331,0
2014-04-21,18:00:00,58.060001373291,58.7200012207031,57.9199981689453,58.6399993896484,562553,0
2014-04-21,19:00:00,58.6400985717773,58.7400016784668,58.3800010681152,58.6699981689453,253776,0
2014-04-21,20:00:00,58.7000007629395,58.9900016784668,58.5400009155273,58.9799995422363,270514,0
2014-04-21,21:00:00,58.9799995422363,59.1599998474121,58.8600006103516,59.1255989074707,313034,0
2014-04-21,22:00:00,59.1100006103516,59.1500015258789,58.7700004577637,59.1500015258789,259438,0
2014-04-22,16:00:00,59.689998626709,60.1059989929199,59.4800987243652,60.0299987792969,459943,0
2014-04-22,17:00:00,60.0999984741211,60.5,59.9199981689453,60.4500007629395,500525,0
2014-04-22,18:00:00,60.4700012207031,60.8400001525879,60.4300003051758,60.6498985290527,439291,0
2014-04-22,19:00:00,60.6450996398926,60.939998626709,60.6199989318848,60.7599983215332,371314,0
2014-04-22,20:00:00,60.7900009155273,60.9599990844727,60.6324996948242,60.939998626709,265155,0
2014-04-22,21:00:00,60.9420013427734,61,60.7709999084473,60.8199996948242,241728,0
2014-04-22,22:00:00,60.7999992370605,60.8600006103516,60.4300003051758,60.5999984741211,739681,0
2014-04-23,16:00:00,60.560001373291,60.6100006103516,59.5299987792969,59.7000007629395,488070,0
2014-04-23,17:00:00,59.5999984741211,59.8199996948242,59.1399993896484,59.5900001525879,540060,0
2014-04-23,18:00:00,59.6100006103516,59.75,59.25,59.6800003051758,333483,0
2014-04-23,19:00:00,59.6500015258789,59.7000999450684,59.209300994873,59.439998626709,224579,0
2014-04-23,20:00:00,59.439998626709,59.4949989318848,59.0190010070801,59.0999984741211,212194,0
2014-04-23,21:00:00,59.0800018310547,59.1762008666992,58.8900985717773,59.0699996948242,311783,0
2014-04-23,22:00:00,59.0499992370605,59.3699989318848,58.8709983825684,58.9500007629395,691359,0
2014-04-24,16:00:00,61.9099998474121,61.9099998474121,59.2999992370605,59.7400016784668,1285147,0
2014-04-24,17:00:00,59.7396011352539,60.2200012207031,58.7400016784668,60.1500015258789,1518014,0
2014-04-24,18:00:00,60.1500015258789,60.9500007629395,59.939998626709,60.7400016784668,749949,0
2014-04-24,19:00:00,60.7999000549316,61,60.5699005126953,60.9599990844727,256395,0
2014-04-24,20:00:00,60.9500007629395,60.9900016784668,60.1800003051758,60.1869010925293,369203,0
2014-04-24,21:00:00,60.1800003051758,60.6500015258789,60.1399993896484,60.5499992370605,360830,0
2014-04-24,22:00:00,60.5699996948242,60.8800010681152,60.5499992370605,60.689998626709,535463,0
2014-04-25,16:00:00,59.5699996948242,59.7785987854004,58.939998626709,59.0200004577637,529897,0
2014-04-25,17:00:00,59,59.0499992370605,57.6699981689453,57.8223991394043,1669838,0
2014-04-25,18:00:00,57.7999992370605,58.6300010681152,57.434398651123,58.2939987182617,772453,0
2014-04-25,19:00:00,58.3300018310547,58.6300010681152,58.0200004577637,58.0900001525879,341100,0
2014-04-25,20:00:00,58.1059989929199,58.2099990844727,57.7299995422363,57.9199981689453,321665,0
2014-04-25,21:00:00,57.9599990844727,57.9700012207031,57.3349990844727,57.689998626709,584373,0
2014-04-25,22:00:00,57.6699981689453,58.1199989318848,57.5499992370605,57.7599983215332,710099,0
2014-04-28,16:00:00,58.5299987792969,58.7299995422363,57.5499992370605,58.5798988342285,1035264,0
2014-04-28,17:00:00,58.6099014282227,59.5699005126953,58.3699989318848,58.8300018310547,1733932,0
2014-04-28,18:00:00,58.8300018310547,59.1100006103516,57.0299987792969,57.1500015258789,1277513,0
2014-04-28,19:00:00,57.1500015258789,57.4199981689453,56.7299995422363,56.9500007629395,904656,0
2014-04-28,20:00:00,56.939998626709,56.939998626709,55.6100006103516,56.3400001525879,1557533,0
2014-04-28,21:00:00,56.3199996948242,57.5,55.9900016784668,57.2050018310547,1356917,0
2014-04-28,22:00:00,57.2200012207031,58.7200012207031,57.1300010681152,58.3800010681152,1885620,0
2014-04-29,16:00:00,58.8499984741211,59.4500007629395,58.3800010681152,58.9199981689453,784726,0
2014-04-29,17:00:00,58.8703994750977,59.1599998474121,57.9948997497559,58.9000015258789,1533440,0
2014-04-29,18:00:00,58.9000015258789,59.439998626709,58.5299987792969,59.2000007629395,658268,0
2014-04-29,19:00:00,59.2200012207031,60.0099983215332,59.1800003051758,59.8300018310547,630395,0
2014-04-29,20:00:00,59.8300018310547,59.9599990844727,59.470100402832,59.9099998474121,575910,0
2014-04-29,21:00:00,59.9199981689453,59.9700012207031,59.7299995422363,59.8499984741211,316863,0
2014-04-29,22:00:00,59.8499984741211,59.9599990844727,59.5800018310547,59.6699981689453,493047,0
2014-04-30,16:00:00,58.9300003051758,59.4099998474121,58.4001007080078,58.810001373291,645473,0
2014-04-30,17:00:00,58.7099990844727,59.9589996337891,58.4300003051758,59.689998626709,734005,0
2014-04-30,18:00:00,59.6699981689453,59.8199996948242,59.2400016784668,59.4599990844727,485327,0
2014-04-30,19:00:00,59.5,59.796199798584,59.4785995483398,59.7761993408203,224394,0
2014-04-30,20:00:00,59.7700004577637,59.9500007629395,59.6199989318848,59.6199989318848,209186,0
2014-04-30,21:00:00,59.5999984741211,60.339900970459,59.3700981140137,60.0900001525879,762525,0
2014-04-30,22:00:00,60.1100006103516,60.2874984741211,59.5405006408691,60.2000007629395,766625,0
2014-05-01,16:00:00,60.4099998474121,60.8800010681152,60,60.5,368049,0
2014-05-01,17:00:00,60.5699996948242,61.3400001525879,60.1100006103516,61.2000007629395,809853,0
2014-05-01,18:00:00,61.189998626709,61.7200012207031,60.9799995422363,61.1100006103516,457380,0
2014-05-01,19:00:00,61.0800018310547,61.4199981689453,60.9599990844727,61.1609992980957,350412,0
2014-05-01,20:00:00,61.1399993896484,61.2900009155273,60.5200004577637,60.5900001525879,385000,0
2014-05-01,21:00:00,60.5800018310547,60.9500999450684,60.3400001525879,60.6209983825684,268268,0
2014-05-01,22:00:00,60.5800018310547,60.8199996948242,60.3899993896484,60.7400016784668,372463,0
2014-05-02,16:00:00,61.3400001525879,61.6500015258789,60.3600006103516,60.7499008178711,562893,0
2014-05-02,17:00:00,60.689998626709,61.3499984741211,59.9480018615723,60.2599983215332,948913,0
2014-05-02,18:00:00,60.2299995422363,61.0800018310547,60.1699981689453,60.9898986816406,486523,0
2014-05-02,19:00:00,60.9898986816406,61.0999984741211,60.689998626709,60.8400001525879,232615,0
2014-05-02,20:00:00,60.9099998474121,60.9799995422363,60.3400001525879,60.3499984741211,278042,0
2014-05-02,21:00:00,60.3199996948242,60.6699981689453,60.2000007629395,60.5099983215332,308226,0
2014-05-02,22:00:00,60.5800018310547,60.8530006408691,60.3499984741211,60.439998626709,323180,0
2014-05-05,16:00:00,59.2999992370605,60.1199989318848,58.8600006103516,60.1100006103516,581634,0
2014-05-05,17:00:00,60.1799011230469,61.0699996948242,59.8699989318848,60.7400016784668,711856,0
2014-05-05,18:00:00,60.7099990844727,60.9799995422363,60.4599990844727,60.8600006103516,225329,0
2014-05-05,19:00:00,60.9000015258789,60.9300003051758,60.5400009155273,60.5699996948242,143844,0
2014-05-05,20:00:00,60.5700988769531,60.8300018310547,60.4599990844727,60.7799987792969,124765,0
2014-05-05,21:00:00,60.810001373291,61.310001373291,60.7900009155273,61.25,236160,0
2014-05-05,22:00:00,61.2200012207031,61.3400001525879,61.0499992370605,61.2999992370605,423047,0
2014-05-06,16:00:00,61.0200004577637,61.0699996948242,60.4000015258789,61,319846,0
2014-05-06,17:00:00,61.0299987792969,61.1199989318848,60.2400016784668,60.2536010742188,449516,0
2014-05-06,18:00:00,60.2799987792969,60.5800018310547,60.0900001525879,60.5798988342285,531422,0
2014-05-06,19:00:00,60.5900001525879,60.5900001525879,60.2302017211914,60.4099998474121,168565,0
2014-05-06,20:00:00,60.4199981689453,60.4700012207031,59.3899993896484,59.4062004089355,623697,0
2014-05-06,21:00:00,59.4099998474121,59.5390014648438,59.1199989318848,59.2400016784668,496621,0
2014-05-06,22:00:00,59.2299995422363,59.6100006103516,58.8660011291504,58.9300003051758,849525,0
2014-05-07,16:00:00,59.3800010681152,59.4654998779297,57.5909996032715,57.6514015197754,941040,0
2014-05-07,17:00:00,57.6399993896484,58.25,56.3800010681152,57.0099983215332,1674929,0
2014-05-07,18:00:00,57.0499992370605,58.1399993896484,56.5801010131836,57.8499984741211,797668,0
2014-05-07,19:00:00,57.8796997070312,57.9199981689453,56.969898223877,56.9900016784668,458921,0
2014-05-07,20:00:00,56.939998626709,57.5960006713867,56.8300018310547,56.8499984741211,361365,0
2014-05-07,21:00:00,56.8300018310547,57.8600006103516,56.7799987792969,57.7519989013672,543431,0
2014-05-07,22:00:00,57.7599983215332,58.5200004577637,57.4099998474121,58.4000015258789,896398,0
2014-05-08,16:00:00,57.8199996948242,59.1399993896484,57.4000015258789,59.0299987792969,971720,0
2014-05-08,17:00:00,59.0499992370605,60.0999984741211,59.0400009155273,59.6599998474121,1013960,0
2014-05-08,18:00:00,59.6800003051758,60.3400001525879,59.5820999145508,60.1199989318848,400891,0
2014-05-08,19:00:00,60.1699981689453,60.2799987792969,59.5099983215332,59.6500015258789,225892,0
2014-05-08,20:00:00,59.6199989318848,59.8800010681152,58.9199981689453,59.0200004577637,425244,0
2014-05-08,21:00:00,59.0299987792969,59.0299987792969,57.7799987792969,57.9700012207031,719840,0
2014-05-08,22:00:00,57.9858016967773,58.3301010131836,57.5699996948242,58.2099990844727,799906,0
2014-05-09,16:00:00,58.1399993896484,58.1699981689453,56.9900016784668,57.9499015808105,488036,0
2014-05-09,17:00:00,57.7355003356934,58.5399017333984,57.2999992370605,57.3499984741211,924379,0
2014-05-09,18:00:00,57.2900009155273,58.0699996948242,57.0200996398926,57.8800010681152,619589,0
2014-05-09,19:00:00,57.9199981689453,58.7599983215332,57.7099990844727,58.5999984741211,358092,0
2014-05-09,20:00:00,58.6300010681152,58.7000007629395,58.1100006103516,58.1599998474121,201972,0
2014-05-09,21:00:00,58.1399993896484,58.5699005126953,57.7999992370605,58.4599990844727,230911,0
2014-05-09,22:00:00,58.5099983215332,59,58.5,58.8800010681152,600205,0
2014-05-12,16:00:00,59.9500007629395,60.9700012207031,59.7751998901367,60.9700012207031,517880,0
2014-05-12,17:00:00,60.9700012207031,61.3800010681152,60.7799987792969,61.2178001403809,604265,0
2014-05-12,18:00:00,61.2000007629395,61.3456001281738,61.060001373291,61.189998626709,252914,0
2014-05-12,19:00:00,61.1800003051758,61.5400009155273,61.1399993896484,61.2400016784668,371797,0
2014-05-12,20:00:00,61.2299995422363,61.4259986877441,61.1875991821289,61.3899993896484,96351,0
2014-05-12,21:00:00,61.3800010681152,61.6949005126953,61.2000007629395,61.6800003051758,169021,0
2014-05-12,22:00:00,61.6800003051758,61.8300018310547,61.6100006103516,61.75,680209,0
2014-05-13,16:00:00,61.9700012207031,62.4099998474121,61.5699996948242,61.8699989318848,488985,0
2014-05-13,17:00:00,61.8800010681152,62.6100006103516,61.8101005554199,62.3300018310547,610815,0
2014-05-13,18:00:00,62.3300018310547,62.3790016174316,61.5400009155273,61.7999992370605,430611,0
2014-05-13,19:00:00,61.7799987792969,62.0299987792969,61.6300010681152,61.939998626709,195250,0
2014-05-13,20:00:00,61.9099998474121,62.0999984741211,61.6701011657715,61.8400001525879,248102,0
2014-05-13,21:00:00,61.8699989318848,62.1753997802734,61.7900009155273,62.0900001525879,163408,0
2014-05-13,22:00:00,62.0801010131836,62.1199989318848,61.6800003051758,61.8800010681152,389088,0
2014-05-14,16:00:00,61.3699989318848,61.8800010681152,61.1300010681152,61.8023986816406,268883,0
2014-05-14,17:00:00,61.8300018310547,62.060001373291,61.2900009155273,61.5719985961914,410939,0
2014-05-14,18:00:00,61.6199989318848,61.7599983215332,61.2999992370605,61.4690017700195,198112,0
2014-05-14,19:00:00,61.4700012207031,61.7900009155273,61.4700012207031,61.6601982116699,152452,0
2014-05-14,20:00:00,61.7099990844727,61.9700012207031,61.6800003051758,61.75,136665,0
2014-05-14,21:00:00,61.7499008178711,61.810001373291,61.1500015258789,61.2200012207031,233004,0
2014-05-14,22:00:00,61.2000007629395,61.2299995422363,60.5200004577637,60.9599990844727,667501,0
2014-05-15,16:00:00,60.8899993896484,61.2200012207031,59.6599998474121,60.2000007629395,614733,0
2014-05-15,17:00:00,60.1800003051758,60.2000007629395,58.689998626709,59.25,911972,0
2014-05-15,18:00:00,59.2999992370605,59.4161987304688,58.3600006103516,58.5200004577637,505563,0
2014-05-15,19:00:00,58.5099983215332,59.1800003051758,58.4799995422363,59.0455017089844,403023,0
2014-05-15,20:00:00,59.060001373291,59.1500015258789,58.7000007629395,59.0800018310547,257626,0
2014-05-15,21:00:00,59.089900970459,59.9199981689453,58.939998626709,59.810001373291,604761,0
2014-05-15,22:00:00,59.8089981079102,59.9000015258789,59.3101005554199,59.5299987792969,845656,0
2014-05-16,16:00:00,59.6800003051758,59.7400016784668,58.8301010131836,59.5099983215332,342488,0
2014-05-16,17:00:00,59.5499992370605,59.6800003051758,58.5200004577637,58.9919013977051,460002,0
2014-05-16,18:00:00,58.9900016784668,59.4099998474121,58.8899993896484,59.2999992370605,289493,0
2014-05-16,19:00:00,59.2700004577637,59.6300010681152,59.1699981689453,59.2099990844727,146711,0
2014-05-16,20:00:00,59.157600402832,59.5299987792969,58.9000015258789,59.3800010681152,225006,0
2014-05-16,21:00:00,59.3699989318848,60.2400016784668,59.2200012207031,60.2400016784668,490388,0
2014-05-16,22:00:00,60.25,60.7799987792969,60.2137985229492,60.6599998474121,930457,0
2014-05-19,16:00:00,60.1199989318848,61.1790008544922,59.8325004577637,60.8499984741211,381260,0
2014-05-19,17:00:00,60.8600006103516,61.5299987792969,60.5299987792969,61.4199981689453,452587,0
2014-05-19,18:00:00,61.4300003051758,61.9799995422363,61.4199981689453,61.9099998474121,443553,0
2014-05-19,19:00:00,61.9099998474121,62.1599998474121,61.75,61.8300018310547,355045,0
2014-05-19,20:00:00,61.8400001525879,62.0200004577637,61.6699981689453,61.9546012878418,208321,0
2014-05-19,21:00:00,61.9609985351562,62.1389999389648,61.8899993896484,61.9599990844727,281118,0
2014-05-19,22:00:00,61.9599990844727,62.2099990844727,61.7000007629395,61.9599990844727,475277,0
2014-05-20,16:00:00,61.8499984741211,62.089900970459,61.2299995422363,61.3800010681152,272564,0
2014-05-20,17:00:00,61.3520011901855,62.1699981689453,61.25,62.1599998474121,472566,0
2014-05-20,18:00:00,62.1599998474121,62.5200004577637,61.9099998474121,62.2999992370605,303005,0
2014-05-20,19:00:00,62.3300018310547,62.3300018310547,61.3499984741211,61.5299987792969,216058,0
2014-05-20,20:00:00,61.5499992370605,61.5499992370605,60.5,60.560001373291,717950,0
2014-05-20,21:00:00,60.5299987792969,61.1199989318848,60.5299987792969,60.7000007629395,482418,0
2014-05-20,22:00:00,60.7299995422363,61.5499992370605,60.6599998474121,61.2799987792969,884551,0
2014-05-21,16:00:00,61.560001373291,62.5999984741211,61.4799995422363,62.310001373291,438407,0
2014-05-21,17:00:00,62.3600006103516,62.6599998474121,62.0699996948242,62.3699989318848,426197,0
2014-05-21,18:00:00,62.3619995117188,62.4700012207031,61.7700004577637,62.0390014648438,325781,0
2014-05-21,19:00:00,62.0601005554199,62.5,62.0099983215332,62.4001007080078,183085,0
2014-05-21,20:00:00,62.4199981689453,62.6300010681152,62.3699989318848,62.5200004577637,251565,0
2014-05-21,21:00:00,62.5299987792969,62.8699989318848,62.25,62.7700004577637,469523,0
2014-05-21,22:00:00,62.75,63.0900001525879,62.7000007629395,63.0099983215332,512548,0
2014-05-22,16:00:00,63.1800003051758,63.7400016784668,62.9900016784668,63.5999984741211,336810,0
2014-05-22,17:00:00,63.6500015258789,63.9000015258789,62.9262008666992,63.8297996520996,620635,0
2014-05-22,18:00:00,63.810001373291,64.1600036621094,63.6699981689453,64.0100021362305,484152,0
2014-05-22,19:00:00,63.9099998474121,64.0199966430664,63.7299995422363,63.7900009155273,161270,0
2014-05-22,20:00:00,63.7900009155273,64.2600021362305,63.7599983215332,64.1500015258789,304807,0
2014-05-22,21:00:00,64.1699981689453,64.3600006103516,64.1298980712891,64.3499984741211,248840,0
2014-05-22,22:00:00,64.3300018310547,64.3399963378906,63.7900009155273,63.7900009155273,536527,0
2014-05-23,16:00:00,64.06,64.36,63.6299,64.111,355409,0
2014-05-23,17:00:00,64.15,64.38,64.01,64.24,326081,0
2014-05-23,18:00:00,64.26,64.64,64.23,64.58,382744,0
2014-05-23,19:00:00,64.58,64.75,64.54,64.72,182254,0
2014-05-23,20:00:00,64.72,64.88,64.63,64.83,216113,0
2014-05-23,21:00:00,64.84,65.1,64.83,65.06,235682,0
2014-05-23,22:00:00,65.08,65.25,65.06,65.23,418812,0
2014-05-27,16:00:00,66.13,66.55,65.93,66.2,492220,0
2014-05-27,17:00:00,66.2299,66.87,66.17,66.77,472046,0
2014-05-27,18:00:00,66.78,66.98,66.6001,66.7,336394,0
2014-05-27,19:00:00,66.67,66.9,66.512,66.78,217067,0
2014-05-27,20:00:00,66.77,66.94,66.57,66.93,213368,0
2014-05-27,21:00:00,66.93,67.08,66.84,66.99,285737,0
2014-05-27,22:00:00,66.99,67.69,66.98,67.67,578858,0
2014-05-28,16:00:00,67.6,67.73,67.16,67.336,559679,0
2014-05-28,17:00:00,67.3409,67.533,66.88,67.21,426089,0
2014-05-28,18:00:00,67.22,67.82,67.1585,67.56,368320,0
2014-05-28,19:00:00,67.55,67.87,67.34,67.52,256567,0
2014-05-28,20:00:00,67.54,67.9,67.48,67.77,228586,0
2014-05-28,21:00:00,67.77,67.82,67.3,67.434,287734,0
2014-05-28,22:00:00,67.43,67.67,67,67.03,397636,0
2014-05-29,16:00:00,67.78,67.96,67.4,67.8,428234,0
2014-05-29,17:00:00,67.77,67.92,67.3563,67.82,331039,0
2014-05-29,18:00:00,67.83,68.07,67.61,67.66,235581,0
2014-05-29,19:00:00,67.64,67.91,67.59,67.79,141933,0
2014-05-29,20:00:00,67.78,67.8882,67.64,67.8,137531,0
2014-05-29,21:00:00,67.7949,68.1,67.74,68.09,173521,0
2014-05-29,22:00:00,68.1,68.35,67.9458,68.3,437573,0
2014-05-30,16:00:00,68.39,68.49,67.98,68.05,214753,0
2014-05-30,17:00:00,68.03,68.58,67.95,68.42,350334,0
2014-05-30,18:00:00,68.42,68.68,68.32,68.46,291794,0
2014-05-30,19:00:00,68.46,68.59,67.46,67.69,506817,0
2014-05-30,20:00:00,67.68,67.84,67.28,67.68,277649,0
2014-05-30,21:00:00,67.67,68.17,67.5101,67.87,349742,0
2014-05-30,22:00:00,67.85,68.4,67.7801,68.33,392250,0
2014-06-02,16:00:00,68.6,68.639,67.5301,67.58,299844,0
2014-06-02,17:00:00,67.51,67.75,66.84,67.6,613722,0
2014-06-02,18:00:00,67.59,68.38,67.47,68.2176,452924,0
2014-06-02,19:00:00,68.2499,68.27,67.8701,67.94,166795,0
2014-06-02,20:00:00,67.92,68,67.62,67.8,119170,0
2014-06-02,21:00:00,67.81,68,67.36,67.8,183201,0
2014-06-02,22:00:00,67.74,68.25,67.66,68.16,407412,0
2014-06-03,16:00:00,67.46,68.16,67.22,68.16,314077,0
2014-06-03,17:00:00,68.09,68.38,67.65,67.84,342507,0
2014-06-03,18:00:00,67.82,67.8901,67.33,67.64,224664,0
2014-06-03,19:00:00,67.64,68.02,67.62,67.7301,318325,0
2014-06-03,20:00:00,67.73,68.06,67.71,67.97,148664,0
2014-06-03,21:00:00,67.97,68.16,67.79,67.84,303691,0
2014-06-03,22:00:00,67.81,68.12,67.72,68.06,371030,0
2014-06-04,16:00:00,67.53,68.04,67.2102,68,428313,0
2014-06-04,17:00:00,68.01,68.46,67.83,68.46,398828,0
2014-06-04,18:00:00,68.46,68.77,68.34,68.61,319090,0
2014-06-04,19:00:00,68.62,69.08,68.58,69.04,215699,0
2014-06-04,20:00:00,69.05,69.12,68.91,69.1,186271,0
2014-06-04,21:00:00,69.0998,69.11,68.65,68.8,257256,0
2014-06-04,22:00:00,68.79,68.88,68.63,68.78,448239,0
2014-06-05,16:00:00,69,69.43,68.65,69.0499,423044,0
2014-06-05,17:00:00,69.03,69.33,68.29,69.23,625063,0
2014-06-05,18:00:00,69.22,70.2,69.18,70.08,650132,0
2014-06-05,19:00:00,70.08,70.73,70.08,70.5,599148,0
2014-06-05,20:00:00,70.51,70.7,70.24,70.49,369416,0
2014-06-05,21:00:00,70.48,70.93,70.44,70.55,490798,0
2014-06-05,22:00:00,70.52,70.74,70.38,70.57,489666,0
2014-06-06,16:00:00,71.4,71.49,70.94,71.4298,358597,0
2014-06-06,17:00:00,71.44,71.4414,70.91,71.38,279613,0
2014-06-06,18:00:00,71.3643,71.64,71.32,71.37,234018,0
2014-06-06,19:00:00,71.39,71.58,71.29,71.45,108609,0
2014-06-06,20:00:00,71.47,71.48,71.11,71.3324,164319,0
2014-06-06,21:00:00,71.3299,71.53,71.234,71.4554,140631,0
2014-06-06,22:00:00,71.45,71.78,71.24,71.71,389907,0
2014-06-09,16:00:00,71.82,71.85,71.26,71.5,207430,0
2014-06-09,17:00:00,71.52,71.7754,71.3,71.7099,383061,0
2014-06-09,18:00:00,71.71,72.12,71.57,72,372687,0
2014-06-09,19:00:00,71.992,72.12,71.98,72.03,269914,0
2014-06-09,20:00:00,72.05,72.07,71.5,71.54,288034,0
2014-06-09,21:00:00,71.54,71.59,71.01,71.46,469359,0
2014-06-09,22:00:00,71.46,71.74,71.34,71.58,482459,0
2014-06-10,16:00:00,71.37,71.95,71.3512,71.54,211104,0
2014-06-10,17:00:00,71.5499,71.99,71.15,71.88,305090,0
2014-06-10,18:00:00,71.9,72.05,71.7,71.82,166438,0
2014-06-10,19:00:00,71.81,71.84,71.41,71.62,134858,0
2014-06-10,20:00:00,71.6301,71.8877,71.45,71.82,184794,0
2014-06-10,21:00:00,71.83,71.95,71.71,71.76,141683,0
2014-06-10,22:00:00,71.75,71.99,71.74,71.99,297818,0
2014-06-11,16:00:00,71.18,71.97,71.0901,71.77,242022,0
2014-06-11,17:00:00,71.77,72.06,71.58,71.77,212744,0
2014-06-11,18:00:00,71.79,72.21,71.72,72.098,181779,0
2014-06-11,19:00:00,72.1,72.14,71.91,72.14,157642,0
2014-06-11,20:00:00,72.14,72.14,71.46,71.47,212512,0
2014-06-11,21:00:00,71.4122,71.5601,71.03,71.49,396993,0
2014-06-11,22:00:00,71.48,71.99,71.42,71.88,605337,0
2014-06-12,16:00:00,71.48,71.68,70.96,71.35,272934,0
2014-06-12,17:00:00,71.34,71.66,70.55,70.848,416456,0
2014-06-12,18:00:00,70.85,71.31,70.73,70.9601,197711,0
2014-06-12,19:00:00,70.98,71.13,70.32,70.56,192967,0
2014-06-12,20:00:00,70.56,70.6199,69.58,69.78,598016,0
2014-06-12,21:00:00,69.74,69.93,69.4576,69.66,400666,0
2014-06-12,22:00:00,69.6,70,69.2,70,580073,0
